type,baseline,optimized
Energy,1026.2694462024,1026.24208639745
Facilities Power,1298.4242982471,1298.4242982471
On-Peak Power,459.68934707345,459.68934707345
