type,baseline,optimized,algorithm1
Energy,1362.75791061369,1249.65979801137,1297.32
On-Peak Power,2063.38290526384,1298.4242982471,1298.42
Facilities Power,682.365963384134,459.68934707345,747.23
