type,baseline,optimized
Energy,1028.75755001677,1027.14304147156
Facilities Power,1836.29377075813,1298.4242982471
On-Peak Power,681.699395972167,459.68934707345
