type,baseline,optimized
Energy,1249.65979801137,1248.82760394411
On-Peak Power,1298.4242982471,1298.4242982471
Facilities Power,459.68934707345,459.68934707345
