type,baseline,optimized
Energy,1027.14304147156,1026.23833179956
Facilities Power,1298.4242982471,1298.4242982471
On-Peak Power,459.68934707345,459.68934707345
