type,baseline,optimized
Energy,1077.11339012337,1077.42016459973
Facilities Power,1319.58453548726,1298.4242982471
On-Peak Power,547.950045738082,543.567845572222
