type,baseline,optimized
Energy,1362.75791061369,1249.65979801137
On-Peak Power,2063.38290526384,1298.4242982471
Facilities Power,682.365963384134,459.68934707345
