type,baseline,optimized
Energy,1029.98774031535,1026.2694462024
Facilities Power,2063.38290526384,1298.4242982471
On-Peak Power,682.365963384134,459.68934707345
