type,baseline,optimized
Energy,2805.49414926336,2796.1630922741
On-Peak Power,1298.4242982471,1319.58453548726
Facilities Power,543.567845572222,547.950045738082
